"n","PrizeDoor","FirstChoice","SelectedWinner","RevealedDoor","SwitchChoice","FinalChoice","Winner"
"1",1,3,2,FALSE,1,TRUE,3,TRUE
"2",2,3,2,FALSE,1,FALSE,2,FALSE
"3",3,2,3,FALSE,1,TRUE,2,TRUE
"4",4,1,2,FALSE,3,TRUE,1,TRUE
"5",5,1,2,FALSE,3,FALSE,2,FALSE
"6",6,1,2,FALSE,3,TRUE,1,TRUE
"7",7,2,1,FALSE,3,TRUE,2,TRUE
"8",8,3,1,FALSE,2,FALSE,1,FALSE
"9",9,1,3,FALSE,2,TRUE,1,TRUE
"10",10,3,1,FALSE,2,FALSE,1,FALSE
"11",11,2,3,FALSE,1,FALSE,3,FALSE
"12",12,1,3,FALSE,2,FALSE,3,FALSE
"13",13,3,3,TRUE,2,FALSE,3,TRUE
"14",14,1,2,FALSE,3,TRUE,1,TRUE
"15",15,1,3,FALSE,2,TRUE,1,TRUE
"16",16,2,3,FALSE,1,FALSE,3,FALSE
"17",17,3,3,TRUE,2,TRUE,1,FALSE
"18",18,2,1,FALSE,3,TRUE,2,TRUE
"19",19,3,1,FALSE,2,FALSE,1,FALSE
"20",20,1,2,FALSE,3,FALSE,2,FALSE
"21",21,2,2,TRUE,1,FALSE,2,TRUE
"22",22,3,2,FALSE,1,TRUE,3,TRUE
"23",23,3,3,TRUE,1,TRUE,2,FALSE
"24",24,2,3,FALSE,1,TRUE,2,TRUE
"25",25,2,1,FALSE,3,FALSE,1,FALSE
"26",26,1,1,TRUE,3,FALSE,1,TRUE
"27",27,3,1,FALSE,2,TRUE,3,TRUE
"28",28,3,3,TRUE,2,TRUE,1,FALSE
"29",29,2,2,TRUE,1,TRUE,3,FALSE
"30",30,3,2,FALSE,1,FALSE,2,FALSE
"31",31,2,1,FALSE,3,TRUE,2,TRUE
"32",32,1,3,FALSE,2,FALSE,3,FALSE
"33",33,3,1,FALSE,2,FALSE,1,FALSE
"34",34,3,2,FALSE,1,TRUE,3,TRUE
"35",35,3,2,FALSE,1,TRUE,3,TRUE
"36",36,1,2,FALSE,3,FALSE,2,FALSE
"37",37,1,3,FALSE,2,FALSE,3,FALSE
"38",38,3,2,FALSE,1,FALSE,2,FALSE
"39",39,3,2,FALSE,1,FALSE,2,FALSE
"40",40,2,3,FALSE,1,FALSE,3,FALSE
"41",41,1,3,FALSE,2,FALSE,3,FALSE
"42",42,1,2,FALSE,3,TRUE,1,TRUE
"43",43,1,1,TRUE,2,FALSE,1,TRUE
"44",44,3,1,FALSE,2,TRUE,3,TRUE
"45",45,2,1,FALSE,3,FALSE,1,FALSE
"46",46,3,2,FALSE,1,FALSE,2,FALSE
"47",47,3,2,FALSE,1,TRUE,3,TRUE
"48",48,1,3,FALSE,2,TRUE,1,TRUE
"49",49,2,2,TRUE,1,TRUE,3,FALSE
"50",50,3,1,FALSE,2,TRUE,3,TRUE
"51",51,3,3,TRUE,2,TRUE,1,FALSE
"52",52,3,2,FALSE,1,FALSE,2,FALSE
"53",53,3,3,TRUE,1,FALSE,3,TRUE
"54",54,1,1,TRUE,3,FALSE,1,TRUE
"55",55,2,1,FALSE,3,FALSE,1,FALSE
"56",56,3,2,FALSE,1,TRUE,3,TRUE
"57",57,2,2,TRUE,3,TRUE,1,FALSE
"58",58,3,2,FALSE,1,FALSE,2,FALSE
"59",59,3,3,TRUE,1,TRUE,2,FALSE
"60",60,2,2,TRUE,3,TRUE,1,FALSE
"61",61,3,2,FALSE,1,FALSE,2,FALSE
"62",62,1,2,FALSE,3,TRUE,1,TRUE
"63",63,3,2,FALSE,1,FALSE,2,FALSE
"64",64,1,1,TRUE,3,TRUE,2,FALSE
"65",65,3,3,TRUE,1,TRUE,2,FALSE
"66",66,1,1,TRUE,2,FALSE,1,TRUE
"67",67,1,3,FALSE,2,FALSE,3,FALSE
"68",68,3,2,FALSE,1,FALSE,2,FALSE
"69",69,1,3,FALSE,2,TRUE,1,TRUE
"70",70,3,3,TRUE,1,FALSE,3,TRUE
"71",71,3,1,FALSE,2,TRUE,3,TRUE
"72",72,3,1,FALSE,2,TRUE,3,TRUE
"73",73,2,2,TRUE,1,TRUE,3,FALSE
"74",74,3,3,TRUE,2,FALSE,3,TRUE
"75",75,2,1,FALSE,3,FALSE,1,FALSE
"76",76,3,1,FALSE,2,TRUE,3,TRUE
"77",77,1,1,TRUE,3,TRUE,2,FALSE
"78",78,3,2,FALSE,1,FALSE,2,FALSE
"79",79,1,1,TRUE,2,FALSE,1,TRUE
"80",80,1,2,FALSE,3,FALSE,2,FALSE
"81",81,3,2,FALSE,1,TRUE,3,TRUE
"82",82,1,1,TRUE,2,FALSE,1,TRUE
"83",83,1,3,FALSE,2,TRUE,1,TRUE
"84",84,2,2,TRUE,1,FALSE,2,TRUE
"85",85,2,1,FALSE,3,TRUE,2,TRUE
"86",86,2,3,FALSE,1,TRUE,2,TRUE
"87",87,2,2,TRUE,3,TRUE,1,FALSE
"88",88,3,2,FALSE,1,TRUE,3,TRUE
"89",89,2,2,TRUE,3,FALSE,2,TRUE
"90",90,3,2,FALSE,1,TRUE,3,TRUE
"91",91,2,3,FALSE,1,TRUE,2,TRUE
"92",92,1,2,FALSE,3,FALSE,2,FALSE
"93",93,1,3,FALSE,2,FALSE,3,FALSE
"94",94,3,1,FALSE,2,FALSE,1,FALSE
"95",95,1,1,TRUE,3,FALSE,1,TRUE
"96",96,1,2,FALSE,3,FALSE,2,FALSE
"97",97,3,2,FALSE,1,TRUE,3,TRUE
"98",98,1,3,FALSE,2,FALSE,3,FALSE
"99",99,3,3,TRUE,1,FALSE,3,TRUE
"100",100,1,3,FALSE,2,TRUE,1,TRUE
"101",101,3,3,TRUE,2,FALSE,3,TRUE
"102",102,1,3,FALSE,2,FALSE,3,FALSE
"103",103,3,1,FALSE,2,TRUE,3,TRUE
"104",104,3,2,FALSE,1,TRUE,3,TRUE
"105",105,1,1,TRUE,2,TRUE,3,FALSE
"106",106,1,2,FALSE,3,TRUE,1,TRUE
"107",107,2,2,TRUE,3,FALSE,2,TRUE
"108",108,3,2,FALSE,1,TRUE,3,TRUE
"109",109,3,1,FALSE,2,TRUE,3,TRUE
"110",110,2,3,FALSE,1,TRUE,2,TRUE
"111",111,3,3,TRUE,2,TRUE,1,FALSE
"112",112,1,2,FALSE,3,TRUE,1,TRUE
"113",113,2,1,FALSE,3,TRUE,2,TRUE
"114",114,1,1,TRUE,2,TRUE,3,FALSE
"115",115,3,1,FALSE,2,FALSE,1,FALSE
"116",116,2,2,TRUE,3,FALSE,2,TRUE
"117",117,1,2,FALSE,3,FALSE,2,FALSE
"118",118,2,3,FALSE,1,FALSE,3,FALSE
"119",119,2,1,FALSE,3,TRUE,2,TRUE
"120",120,2,1,FALSE,3,TRUE,2,TRUE
"121",121,3,3,TRUE,1,FALSE,3,TRUE
"122",122,1,2,FALSE,3,TRUE,1,TRUE
"123",123,2,3,FALSE,1,TRUE,2,TRUE
"124",124,1,3,FALSE,2,FALSE,3,FALSE
"125",125,1,2,FALSE,3,FALSE,2,FALSE
"126",126,3,3,TRUE,1,FALSE,3,TRUE
"127",127,2,3,FALSE,1,FALSE,3,FALSE
"128",128,1,1,TRUE,3,FALSE,1,TRUE
"129",129,3,1,FALSE,2,FALSE,1,FALSE
"130",130,1,1,TRUE,2,FALSE,1,TRUE
"131",131,1,3,FALSE,2,FALSE,3,FALSE
"132",132,1,3,FALSE,2,TRUE,1,TRUE
"133",133,3,3,TRUE,2,TRUE,1,FALSE
"134",134,1,1,TRUE,3,FALSE,1,TRUE
"135",135,2,1,FALSE,3,TRUE,2,TRUE
"136",136,2,1,FALSE,3,TRUE,2,TRUE
"137",137,2,1,FALSE,3,TRUE,2,TRUE
"138",138,2,2,TRUE,1,FALSE,2,TRUE
"139",139,3,3,TRUE,1,FALSE,3,TRUE
"140",140,2,3,FALSE,1,FALSE,3,FALSE
"141",141,3,1,FALSE,2,FALSE,1,FALSE
"142",142,1,3,FALSE,2,FALSE,3,FALSE
"143",143,2,2,TRUE,3,FALSE,2,TRUE
"144",144,1,2,FALSE,3,TRUE,1,TRUE
"145",145,2,2,TRUE,1,FALSE,2,TRUE
"146",146,2,1,FALSE,3,FALSE,1,FALSE
"147",147,3,3,TRUE,2,FALSE,3,TRUE
"148",148,1,1,TRUE,3,FALSE,1,TRUE
"149",149,3,3,TRUE,1,FALSE,3,TRUE
"150",150,2,2,TRUE,3,FALSE,2,TRUE
"151",151,2,1,FALSE,3,TRUE,2,TRUE
"152",152,1,1,TRUE,3,TRUE,2,FALSE
"153",153,1,2,FALSE,3,FALSE,2,FALSE
"154",154,1,3,FALSE,2,FALSE,3,FALSE
"155",155,2,2,TRUE,1,FALSE,2,TRUE
"156",156,1,1,TRUE,2,FALSE,1,TRUE
"157",157,1,2,FALSE,3,FALSE,2,FALSE
"158",158,1,2,FALSE,3,TRUE,1,TRUE
"159",159,3,3,TRUE,2,TRUE,1,FALSE
"160",160,1,1,TRUE,2,FALSE,1,TRUE
"161",161,2,2,TRUE,3,TRUE,1,FALSE
"162",162,2,3,FALSE,1,FALSE,3,FALSE
"163",163,2,1,FALSE,3,FALSE,1,FALSE
"164",164,1,1,TRUE,2,FALSE,1,TRUE
"165",165,1,1,TRUE,2,TRUE,3,FALSE
"166",166,3,2,FALSE,1,TRUE,3,TRUE
"167",167,2,2,TRUE,1,FALSE,2,TRUE
"168",168,3,2,FALSE,1,FALSE,2,FALSE
"169",169,1,3,FALSE,2,TRUE,1,TRUE
"170",170,2,1,FALSE,3,TRUE,2,TRUE
"171",171,2,1,FALSE,3,FALSE,1,FALSE
"172",172,1,1,TRUE,2,TRUE,3,FALSE
"173",173,3,2,FALSE,1,FALSE,2,FALSE
"174",174,2,2,TRUE,1,TRUE,3,FALSE
"175",175,2,3,FALSE,1,FALSE,3,FALSE
"176",176,2,1,FALSE,3,FALSE,1,FALSE
"177",177,3,1,FALSE,2,TRUE,3,TRUE
"178",178,1,2,FALSE,3,TRUE,1,TRUE
"179",179,3,2,FALSE,1,FALSE,2,FALSE
"180",180,2,3,FALSE,1,FALSE,3,FALSE
"181",181,3,3,TRUE,2,TRUE,1,FALSE
"182",182,2,1,FALSE,3,FALSE,1,FALSE
"183",183,2,1,FALSE,3,TRUE,2,TRUE
"184",184,3,2,FALSE,1,FALSE,2,FALSE
"185",185,3,3,TRUE,1,FALSE,3,TRUE
"186",186,3,1,FALSE,2,FALSE,1,FALSE
"187",187,2,1,FALSE,3,TRUE,2,TRUE
"188",188,3,2,FALSE,1,TRUE,3,TRUE
"189",189,2,1,FALSE,3,FALSE,1,FALSE
"190",190,1,2,FALSE,3,TRUE,1,TRUE
"191",191,1,3,FALSE,2,FALSE,3,FALSE
"192",192,1,1,TRUE,3,TRUE,2,FALSE
"193",193,1,3,FALSE,2,TRUE,1,TRUE
"194",194,1,3,FALSE,2,TRUE,1,TRUE
"195",195,1,1,TRUE,2,FALSE,1,TRUE
"196",196,2,2,TRUE,3,TRUE,1,FALSE
"197",197,2,3,FALSE,1,FALSE,3,FALSE
"198",198,3,2,FALSE,1,FALSE,2,FALSE
"199",199,3,3,TRUE,1,FALSE,3,TRUE
"200",200,1,2,FALSE,3,TRUE,1,TRUE
"201",201,1,1,TRUE,2,FALSE,1,TRUE
"202",202,1,1,TRUE,2,TRUE,3,FALSE
"203",203,3,2,FALSE,1,FALSE,2,FALSE
"204",204,2,2,TRUE,1,FALSE,2,TRUE
"205",205,2,2,TRUE,3,FALSE,2,TRUE
"206",206,3,1,FALSE,2,TRUE,3,TRUE
"207",207,3,3,TRUE,1,FALSE,3,TRUE
"208",208,2,3,FALSE,1,FALSE,3,FALSE
"209",209,2,1,FALSE,3,FALSE,1,FALSE
"210",210,3,3,TRUE,1,FALSE,3,TRUE
"211",211,3,3,TRUE,2,FALSE,3,TRUE
"212",212,1,1,TRUE,3,TRUE,2,FALSE
"213",213,3,2,FALSE,1,FALSE,2,FALSE
"214",214,1,1,TRUE,2,FALSE,1,TRUE
"215",215,1,1,TRUE,3,FALSE,1,TRUE
"216",216,3,1,FALSE,2,FALSE,1,FALSE
"217",217,2,1,FALSE,3,FALSE,1,FALSE
"218",218,2,3,FALSE,1,TRUE,2,TRUE
"219",219,1,3,FALSE,2,TRUE,1,TRUE
"220",220,1,2,FALSE,3,FALSE,2,FALSE
"221",221,1,3,FALSE,2,TRUE,1,TRUE
"222",222,1,2,FALSE,3,TRUE,1,TRUE
"223",223,1,3,FALSE,2,TRUE,1,TRUE
"224",224,3,1,FALSE,2,TRUE,3,TRUE
"225",225,3,2,FALSE,1,TRUE,3,TRUE
"226",226,2,2,TRUE,3,FALSE,2,TRUE
"227",227,1,1,TRUE,2,TRUE,3,FALSE
"228",228,3,1,FALSE,2,FALSE,1,FALSE
"229",229,1,2,FALSE,3,TRUE,1,TRUE
"230",230,3,3,TRUE,2,TRUE,1,FALSE
"231",231,1,3,FALSE,2,TRUE,1,TRUE
"232",232,2,1,FALSE,3,FALSE,1,FALSE
"233",233,3,1,FALSE,2,TRUE,3,TRUE
"234",234,3,2,FALSE,1,TRUE,3,TRUE
"235",235,2,3,FALSE,1,TRUE,2,TRUE
"236",236,1,2,FALSE,3,FALSE,2,FALSE
"237",237,2,1,FALSE,3,FALSE,1,FALSE
"238",238,2,1,FALSE,3,FALSE,1,FALSE
"239",239,2,3,FALSE,1,TRUE,2,TRUE
"240",240,1,1,TRUE,2,FALSE,1,TRUE
"241",241,2,1,FALSE,3,FALSE,1,FALSE
"242",242,2,2,TRUE,3,TRUE,1,FALSE
"243",243,2,2,TRUE,3,FALSE,2,TRUE
"244",244,2,3,FALSE,1,FALSE,3,FALSE
"245",245,2,1,FALSE,3,TRUE,2,TRUE
"246",246,3,3,TRUE,2,FALSE,3,TRUE
"247",247,3,2,FALSE,1,FALSE,2,FALSE
"248",248,1,2,FALSE,3,FALSE,2,FALSE
"249",249,1,3,FALSE,2,TRUE,1,TRUE
"250",250,2,1,FALSE,3,TRUE,2,TRUE
"251",251,3,2,FALSE,1,TRUE,3,TRUE
"252",252,3,3,TRUE,2,TRUE,1,FALSE
"253",253,2,3,FALSE,1,FALSE,3,FALSE
"254",254,2,2,TRUE,1,FALSE,2,TRUE
"255",255,3,3,TRUE,1,FALSE,3,TRUE
"256",256,2,3,FALSE,1,FALSE,3,FALSE
"257",257,1,3,FALSE,2,FALSE,3,FALSE
"258",258,2,1,FALSE,3,TRUE,2,TRUE
"259",259,1,2,FALSE,3,TRUE,1,TRUE
"260",260,2,1,FALSE,3,FALSE,1,FALSE
"261",261,3,2,FALSE,1,FALSE,2,FALSE
"262",262,1,3,FALSE,2,TRUE,1,TRUE
"263",263,2,1,FALSE,3,FALSE,1,FALSE
"264",264,3,3,TRUE,1,TRUE,2,FALSE
"265",265,3,2,FALSE,1,FALSE,2,FALSE
"266",266,1,3,FALSE,2,FALSE,3,FALSE
"267",267,3,2,FALSE,1,TRUE,3,TRUE
"268",268,3,1,FALSE,2,TRUE,3,TRUE
"269",269,3,3,TRUE,2,TRUE,1,FALSE
"270",270,2,3,FALSE,1,TRUE,2,TRUE
"271",271,3,2,FALSE,1,FALSE,2,FALSE
"272",272,3,2,FALSE,1,TRUE,3,TRUE
"273",273,2,2,TRUE,3,TRUE,1,FALSE
"274",274,1,1,TRUE,3,TRUE,2,FALSE
"275",275,2,3,FALSE,1,TRUE,2,TRUE
"276",276,1,2,FALSE,3,FALSE,2,FALSE
"277",277,2,2,TRUE,3,FALSE,2,TRUE
"278",278,3,2,FALSE,1,FALSE,2,FALSE
"279",279,1,2,FALSE,3,FALSE,2,FALSE
"280",280,2,2,TRUE,1,FALSE,2,TRUE
"281",281,2,3,FALSE,1,TRUE,2,TRUE
"282",282,3,1,FALSE,2,TRUE,3,TRUE
"283",283,1,2,FALSE,3,TRUE,1,TRUE
"284",284,3,2,FALSE,1,FALSE,2,FALSE
"285",285,3,1,FALSE,2,TRUE,3,TRUE
"286",286,3,3,TRUE,1,FALSE,3,TRUE
"287",287,1,3,FALSE,2,TRUE,1,TRUE
"288",288,1,2,FALSE,3,TRUE,1,TRUE
"289",289,2,3,FALSE,1,FALSE,3,FALSE
"290",290,3,3,TRUE,2,FALSE,3,TRUE
"291",291,3,3,TRUE,1,TRUE,2,FALSE
"292",292,3,2,FALSE,1,TRUE,3,TRUE
"293",293,2,3,FALSE,1,TRUE,2,TRUE
"294",294,1,1,TRUE,3,FALSE,1,TRUE
"295",295,2,2,TRUE,3,FALSE,2,TRUE
"296",296,3,1,FALSE,2,TRUE,3,TRUE
"297",297,2,1,FALSE,3,TRUE,2,TRUE
"298",298,1,3,FALSE,2,TRUE,1,TRUE
"299",299,1,3,FALSE,2,FALSE,3,FALSE
"300",300,2,1,FALSE,3,FALSE,1,FALSE
"301",301,1,2,FALSE,3,TRUE,1,TRUE
"302",302,2,2,TRUE,3,TRUE,1,FALSE
"303",303,3,1,FALSE,2,TRUE,3,TRUE
"304",304,2,1,FALSE,3,TRUE,2,TRUE
"305",305,2,1,FALSE,3,TRUE,2,TRUE
"306",306,3,3,TRUE,2,TRUE,1,FALSE
"307",307,1,1,TRUE,3,TRUE,2,FALSE
"308",308,2,3,FALSE,1,FALSE,3,FALSE
"309",309,3,2,FALSE,1,FALSE,2,FALSE
"310",310,2,1,FALSE,3,TRUE,2,TRUE
"311",311,1,1,TRUE,3,TRUE,2,FALSE
"312",312,3,3,TRUE,2,FALSE,3,TRUE
"313",313,3,1,FALSE,2,TRUE,3,TRUE
"314",314,1,2,FALSE,3,TRUE,1,TRUE
"315",315,1,1,TRUE,3,FALSE,1,TRUE
"316",316,1,2,FALSE,3,TRUE,1,TRUE
"317",317,3,3,TRUE,2,FALSE,3,TRUE
"318",318,1,2,FALSE,3,TRUE,1,TRUE
"319",319,3,3,TRUE,2,FALSE,3,TRUE
"320",320,1,3,FALSE,2,TRUE,1,TRUE
"321",321,2,1,FALSE,3,TRUE,2,TRUE
"322",322,2,1,FALSE,3,FALSE,1,FALSE
"323",323,2,1,FALSE,3,TRUE,2,TRUE
"324",324,3,2,FALSE,1,FALSE,2,FALSE
"325",325,1,1,TRUE,3,FALSE,1,TRUE
"326",326,1,3,FALSE,2,FALSE,3,FALSE
"327",327,3,3,TRUE,2,FALSE,3,TRUE
"328",328,2,1,FALSE,3,FALSE,1,FALSE
"329",329,2,3,FALSE,1,FALSE,3,FALSE
"330",330,2,1,FALSE,3,TRUE,2,TRUE
"331",331,3,1,FALSE,2,FALSE,1,FALSE
"332",332,1,2,FALSE,3,TRUE,1,TRUE
"333",333,1,3,FALSE,2,FALSE,3,FALSE
"334",334,1,1,TRUE,3,FALSE,1,TRUE
"335",335,1,2,FALSE,3,TRUE,1,TRUE
"336",336,1,1,TRUE,3,FALSE,1,TRUE
"337",337,1,3,FALSE,2,FALSE,3,FALSE
"338",338,1,2,FALSE,3,TRUE,1,TRUE
"339",339,3,2,FALSE,1,FALSE,2,FALSE
"340",340,2,1,FALSE,3,FALSE,1,FALSE
"341",341,3,2,FALSE,1,TRUE,3,TRUE
"342",342,1,1,TRUE,3,FALSE,1,TRUE
"343",343,3,3,TRUE,1,TRUE,2,FALSE
"344",344,3,2,FALSE,1,FALSE,2,FALSE
"345",345,2,1,FALSE,3,TRUE,2,TRUE
"346",346,2,2,TRUE,1,TRUE,3,FALSE
"347",347,3,1,FALSE,2,TRUE,3,TRUE
"348",348,3,1,FALSE,2,FALSE,1,FALSE
"349",349,3,1,FALSE,2,TRUE,3,TRUE
"350",350,3,2,FALSE,1,FALSE,2,FALSE
"351",351,2,2,TRUE,3,TRUE,1,FALSE
"352",352,3,3,TRUE,1,FALSE,3,TRUE
"353",353,2,1,FALSE,3,FALSE,1,FALSE
"354",354,2,2,TRUE,3,FALSE,2,TRUE
"355",355,2,3,FALSE,1,TRUE,2,TRUE
"356",356,3,3,TRUE,2,TRUE,1,FALSE
"357",357,1,2,FALSE,3,FALSE,2,FALSE
"358",358,3,2,FALSE,1,TRUE,3,TRUE
"359",359,3,2,FALSE,1,TRUE,3,TRUE
"360",360,1,2,FALSE,3,TRUE,1,TRUE
"361",361,3,3,TRUE,1,TRUE,2,FALSE
"362",362,1,3,FALSE,2,FALSE,3,FALSE
"363",363,1,1,TRUE,2,FALSE,1,TRUE
"364",364,1,2,FALSE,3,TRUE,1,TRUE
"365",365,3,3,TRUE,1,TRUE,2,FALSE
"366",366,3,1,FALSE,2,TRUE,3,TRUE
"367",367,1,2,FALSE,3,FALSE,2,FALSE
"368",368,3,1,FALSE,2,TRUE,3,TRUE
"369",369,3,2,FALSE,1,FALSE,2,FALSE
"370",370,2,3,FALSE,1,TRUE,2,TRUE
"371",371,2,1,FALSE,3,TRUE,2,TRUE
"372",372,1,2,FALSE,3,FALSE,2,FALSE
"373",373,2,2,TRUE,1,FALSE,2,TRUE
"374",374,1,1,TRUE,2,TRUE,3,FALSE
"375",375,3,1,FALSE,2,TRUE,3,TRUE
"376",376,3,1,FALSE,2,FALSE,1,FALSE
"377",377,1,1,TRUE,3,FALSE,1,TRUE
"378",378,1,1,TRUE,3,FALSE,1,TRUE
"379",379,3,2,FALSE,1,TRUE,3,TRUE
"380",380,3,3,TRUE,2,FALSE,3,TRUE
"381",381,2,2,TRUE,3,TRUE,1,FALSE
"382",382,2,3,FALSE,1,TRUE,2,TRUE
"383",383,3,1,FALSE,2,FALSE,1,FALSE
"384",384,1,3,FALSE,2,FALSE,3,FALSE
"385",385,1,1,TRUE,2,FALSE,1,TRUE
"386",386,2,1,FALSE,3,FALSE,1,FALSE
"387",387,2,1,FALSE,3,FALSE,1,FALSE
"388",388,1,3,FALSE,2,TRUE,1,TRUE
"389",389,3,2,FALSE,1,FALSE,2,FALSE
"390",390,2,2,TRUE,3,TRUE,1,FALSE
"391",391,3,3,TRUE,2,TRUE,1,FALSE
"392",392,1,2,FALSE,3,TRUE,1,TRUE
"393",393,1,1,TRUE,2,FALSE,1,TRUE
"394",394,3,1,FALSE,2,FALSE,1,FALSE
"395",395,1,2,FALSE,3,FALSE,2,FALSE
"396",396,2,2,TRUE,1,FALSE,2,TRUE
"397",397,3,3,TRUE,2,TRUE,1,FALSE
"398",398,2,1,FALSE,3,FALSE,1,FALSE
"399",399,2,3,FALSE,1,TRUE,2,TRUE
"400",400,1,3,FALSE,2,FALSE,3,FALSE
"401",401,2,2,TRUE,1,FALSE,2,TRUE
"402",402,1,1,TRUE,3,TRUE,2,FALSE
"403",403,1,3,FALSE,2,FALSE,3,FALSE
"404",404,1,1,TRUE,3,TRUE,2,FALSE
"405",405,2,2,TRUE,1,FALSE,2,TRUE
"406",406,1,3,FALSE,2,TRUE,1,TRUE
"407",407,1,3,FALSE,2,FALSE,3,FALSE
"408",408,3,1,FALSE,2,TRUE,3,TRUE
"409",409,1,2,FALSE,3,FALSE,2,FALSE
"410",410,3,3,TRUE,1,FALSE,3,TRUE
"411",411,3,3,TRUE,2,TRUE,1,FALSE
"412",412,1,3,FALSE,2,FALSE,3,FALSE
"413",413,2,2,TRUE,3,TRUE,1,FALSE
"414",414,3,2,FALSE,1,TRUE,3,TRUE
"415",415,1,1,TRUE,2,TRUE,3,FALSE
"416",416,1,1,TRUE,2,TRUE,3,FALSE
"417",417,2,3,FALSE,1,FALSE,3,FALSE
"418",418,2,3,FALSE,1,FALSE,3,FALSE
"419",419,1,2,FALSE,3,TRUE,1,TRUE
"420",420,2,1,FALSE,3,FALSE,1,FALSE
"421",421,1,1,TRUE,2,TRUE,3,FALSE
"422",422,2,1,FALSE,3,FALSE,1,FALSE
"423",423,2,2,TRUE,1,FALSE,2,TRUE
"424",424,2,1,FALSE,3,TRUE,2,TRUE
"425",425,3,2,FALSE,1,FALSE,2,FALSE
"426",426,3,1,FALSE,2,TRUE,3,TRUE
"427",427,1,3,FALSE,2,TRUE,1,TRUE
"428",428,1,3,FALSE,2,TRUE,1,TRUE
"429",429,1,1,TRUE,2,TRUE,3,FALSE
"430",430,1,1,TRUE,3,TRUE,2,FALSE
"431",431,3,3,TRUE,1,TRUE,2,FALSE
"432",432,2,2,TRUE,1,FALSE,2,TRUE
"433",433,1,3,FALSE,2,TRUE,1,TRUE
"434",434,2,2,TRUE,3,FALSE,2,TRUE
"435",435,1,1,TRUE,3,FALSE,1,TRUE
"436",436,1,1,TRUE,2,FALSE,1,TRUE
"437",437,1,2,FALSE,3,TRUE,1,TRUE
"438",438,1,3,FALSE,2,TRUE,1,TRUE
"439",439,3,2,FALSE,1,FALSE,2,FALSE
"440",440,1,2,FALSE,3,TRUE,1,TRUE
"441",441,3,3,TRUE,1,FALSE,3,TRUE
"442",442,3,3,TRUE,1,FALSE,3,TRUE
"443",443,1,3,FALSE,2,TRUE,1,TRUE
"444",444,3,1,FALSE,2,FALSE,1,FALSE
"445",445,2,2,TRUE,1,TRUE,3,FALSE
"446",446,2,3,FALSE,1,FALSE,3,FALSE
"447",447,2,3,FALSE,1,FALSE,3,FALSE
"448",448,2,2,TRUE,3,TRUE,1,FALSE
"449",449,3,2,FALSE,1,FALSE,2,FALSE
"450",450,3,3,TRUE,1,TRUE,2,FALSE
"451",451,1,3,FALSE,2,TRUE,1,TRUE
"452",452,2,2,TRUE,3,TRUE,1,FALSE
"453",453,2,2,TRUE,3,TRUE,1,FALSE
"454",454,1,3,FALSE,2,TRUE,1,TRUE
"455",455,1,2,FALSE,3,TRUE,1,TRUE
"456",456,3,1,FALSE,2,TRUE,3,TRUE
"457",457,2,2,TRUE,3,FALSE,2,TRUE
"458",458,2,3,FALSE,1,TRUE,2,TRUE
"459",459,3,3,TRUE,2,TRUE,1,FALSE
"460",460,1,2,FALSE,3,FALSE,2,FALSE
"461",461,2,1,FALSE,3,TRUE,2,TRUE
"462",462,2,3,FALSE,1,FALSE,3,FALSE
"463",463,3,2,FALSE,1,FALSE,2,FALSE
"464",464,3,2,FALSE,1,FALSE,2,FALSE
"465",465,2,1,FALSE,3,TRUE,2,TRUE
"466",466,1,1,TRUE,2,FALSE,1,TRUE
"467",467,2,2,TRUE,3,TRUE,1,FALSE
"468",468,2,2,TRUE,3,TRUE,1,FALSE
"469",469,2,2,TRUE,3,FALSE,2,TRUE
"470",470,2,2,TRUE,3,FALSE,2,TRUE
"471",471,3,3,TRUE,2,FALSE,3,TRUE
"472",472,1,3,FALSE,2,TRUE,1,TRUE
"473",473,1,1,TRUE,3,TRUE,2,FALSE
"474",474,3,1,FALSE,2,TRUE,3,TRUE
"475",475,2,1,FALSE,3,TRUE,2,TRUE
"476",476,1,2,FALSE,3,TRUE,1,TRUE
"477",477,2,2,TRUE,1,TRUE,3,FALSE
"478",478,1,1,TRUE,2,TRUE,3,FALSE
"479",479,2,1,FALSE,3,TRUE,2,TRUE
"480",480,1,3,FALSE,2,TRUE,1,TRUE
"481",481,2,3,FALSE,1,FALSE,3,FALSE
"482",482,1,2,FALSE,3,FALSE,2,FALSE
"483",483,2,1,FALSE,3,TRUE,2,TRUE
"484",484,2,1,FALSE,3,FALSE,1,FALSE
"485",485,3,2,FALSE,1,FALSE,2,FALSE
"486",486,2,2,TRUE,1,FALSE,2,TRUE
"487",487,2,2,TRUE,3,FALSE,2,TRUE
"488",488,3,2,FALSE,1,TRUE,3,TRUE
"489",489,1,1,TRUE,3,FALSE,1,TRUE
"490",490,2,1,FALSE,3,TRUE,2,TRUE
"491",491,3,2,FALSE,1,FALSE,2,FALSE
"492",492,2,3,FALSE,1,TRUE,2,TRUE
"493",493,2,2,TRUE,1,TRUE,3,FALSE
"494",494,3,3,TRUE,2,FALSE,3,TRUE
"495",495,3,3,TRUE,1,TRUE,2,FALSE
"496",496,1,1,TRUE,3,FALSE,1,TRUE
"497",497,3,1,FALSE,2,TRUE,3,TRUE
"498",498,1,2,FALSE,3,FALSE,2,FALSE
"499",499,3,1,FALSE,2,TRUE,3,TRUE
"500",500,3,2,FALSE,1,FALSE,2,FALSE
"501",501,2,2,TRUE,3,TRUE,1,FALSE
"502",502,1,1,TRUE,2,FALSE,1,TRUE
"503",503,2,3,FALSE,1,TRUE,2,TRUE
"504",504,3,3,TRUE,1,TRUE,2,FALSE
"505",505,2,3,FALSE,1,FALSE,3,FALSE
"506",506,2,2,TRUE,1,FALSE,2,TRUE
"507",507,1,3,FALSE,2,FALSE,3,FALSE
"508",508,1,1,TRUE,2,FALSE,1,TRUE
"509",509,1,3,FALSE,2,FALSE,3,FALSE
"510",510,3,1,FALSE,2,TRUE,3,TRUE
"511",511,2,3,FALSE,1,FALSE,3,FALSE
"512",512,3,2,FALSE,1,TRUE,3,TRUE
"513",513,2,2,TRUE,1,FALSE,2,TRUE
"514",514,2,3,FALSE,1,FALSE,3,FALSE
"515",515,1,1,TRUE,3,TRUE,2,FALSE
"516",516,3,1,FALSE,2,TRUE,3,TRUE
"517",517,3,2,FALSE,1,TRUE,3,TRUE
"518",518,2,1,FALSE,3,TRUE,2,TRUE
"519",519,3,3,TRUE,2,FALSE,3,TRUE
"520",520,2,2,TRUE,3,FALSE,2,TRUE
"521",521,1,3,FALSE,2,TRUE,1,TRUE
"522",522,3,1,FALSE,2,TRUE,3,TRUE
"523",523,3,2,FALSE,1,FALSE,2,FALSE
"524",524,3,3,TRUE,1,TRUE,2,FALSE
"525",525,1,2,FALSE,3,TRUE,1,TRUE
"526",526,3,3,TRUE,1,FALSE,3,TRUE
"527",527,1,2,FALSE,3,TRUE,1,TRUE
"528",528,1,1,TRUE,3,TRUE,2,FALSE
"529",529,1,2,FALSE,3,TRUE,1,TRUE
"530",530,3,2,FALSE,1,FALSE,2,FALSE
"531",531,1,2,FALSE,3,TRUE,1,TRUE
"532",532,1,3,FALSE,2,TRUE,1,TRUE
"533",533,3,3,TRUE,2,FALSE,3,TRUE
"534",534,2,1,FALSE,3,TRUE,2,TRUE
"535",535,3,2,FALSE,1,TRUE,3,TRUE
"536",536,2,3,FALSE,1,FALSE,3,FALSE
"537",537,1,2,FALSE,3,FALSE,2,FALSE
"538",538,3,1,FALSE,2,TRUE,3,TRUE
"539",539,3,1,FALSE,2,FALSE,1,FALSE
"540",540,1,3,FALSE,2,TRUE,1,TRUE
"541",541,3,1,FALSE,2,TRUE,3,TRUE
"542",542,1,2,FALSE,3,TRUE,1,TRUE
"543",543,1,1,TRUE,2,FALSE,1,TRUE
"544",544,2,1,FALSE,3,TRUE,2,TRUE
"545",545,2,2,TRUE,1,TRUE,3,FALSE
"546",546,1,3,FALSE,2,TRUE,1,TRUE
"547",547,3,3,TRUE,1,FALSE,3,TRUE
"548",548,1,1,TRUE,2,FALSE,1,TRUE
"549",549,1,2,FALSE,3,FALSE,2,FALSE
"550",550,3,3,TRUE,2,FALSE,3,TRUE
"551",551,2,1,FALSE,3,FALSE,1,FALSE
"552",552,1,1,TRUE,3,TRUE,2,FALSE
"553",553,2,3,FALSE,1,FALSE,3,FALSE
"554",554,2,3,FALSE,1,FALSE,3,FALSE
"555",555,3,2,FALSE,1,TRUE,3,TRUE
"556",556,1,3,FALSE,2,TRUE,1,TRUE
"557",557,2,3,FALSE,1,FALSE,3,FALSE
"558",558,3,2,FALSE,1,TRUE,3,TRUE
"559",559,2,2,TRUE,3,FALSE,2,TRUE
"560",560,1,3,FALSE,2,TRUE,1,TRUE
"561",561,1,1,TRUE,3,TRUE,2,FALSE
"562",562,1,1,TRUE,3,TRUE,2,FALSE
"563",563,3,2,FALSE,1,TRUE,3,TRUE
"564",564,3,3,TRUE,2,TRUE,1,FALSE
"565",565,2,2,TRUE,3,FALSE,2,TRUE
"566",566,1,3,FALSE,2,FALSE,3,FALSE
"567",567,1,3,FALSE,2,FALSE,3,FALSE
"568",568,2,1,FALSE,3,FALSE,1,FALSE
"569",569,1,1,TRUE,3,FALSE,1,TRUE
"570",570,3,3,TRUE,2,FALSE,3,TRUE
"571",571,3,2,FALSE,1,FALSE,2,FALSE
"572",572,1,1,TRUE,2,TRUE,3,FALSE
"573",573,3,2,FALSE,1,FALSE,2,FALSE
"574",574,3,1,FALSE,2,FALSE,1,FALSE
"575",575,3,3,TRUE,1,TRUE,2,FALSE
"576",576,1,1,TRUE,3,FALSE,1,TRUE
"577",577,1,2,FALSE,3,TRUE,1,TRUE
"578",578,3,3,TRUE,1,TRUE,2,FALSE
"579",579,3,1,FALSE,2,TRUE,3,TRUE
"580",580,2,2,TRUE,3,FALSE,2,TRUE
"581",581,1,3,FALSE,2,FALSE,3,FALSE
"582",582,2,2,TRUE,1,TRUE,3,FALSE
"583",583,2,3,FALSE,1,TRUE,2,TRUE
"584",584,1,1,TRUE,2,TRUE,3,FALSE
"585",585,2,2,TRUE,3,TRUE,1,FALSE
"586",586,2,1,FALSE,3,TRUE,2,TRUE
"587",587,3,1,FALSE,2,TRUE,3,TRUE
"588",588,2,2,TRUE,1,TRUE,3,FALSE
"589",589,3,2,FALSE,1,FALSE,2,FALSE
"590",590,1,3,FALSE,2,TRUE,1,TRUE
"591",591,1,2,FALSE,3,FALSE,2,FALSE
"592",592,3,2,FALSE,1,FALSE,2,FALSE
"593",593,1,2,FALSE,3,FALSE,2,FALSE
"594",594,1,3,FALSE,2,FALSE,3,FALSE
"595",595,2,2,TRUE,3,FALSE,2,TRUE
"596",596,3,1,FALSE,2,FALSE,1,FALSE
"597",597,2,3,FALSE,1,TRUE,2,TRUE
"598",598,2,1,FALSE,3,TRUE,2,TRUE
"599",599,1,1,TRUE,3,TRUE,2,FALSE
"600",600,3,2,FALSE,1,FALSE,2,FALSE
"601",601,1,2,FALSE,3,TRUE,1,TRUE
"602",602,2,3,FALSE,1,FALSE,3,FALSE
"603",603,1,2,FALSE,3,FALSE,2,FALSE
"604",604,1,1,TRUE,2,FALSE,1,TRUE
"605",605,3,3,TRUE,2,FALSE,3,TRUE
"606",606,2,1,FALSE,3,TRUE,2,TRUE
"607",607,2,2,TRUE,3,TRUE,1,FALSE
"608",608,3,2,FALSE,1,TRUE,3,TRUE
"609",609,2,2,TRUE,1,FALSE,2,TRUE
"610",610,3,1,FALSE,2,TRUE,3,TRUE
"611",611,1,2,FALSE,3,FALSE,2,FALSE
"612",612,1,2,FALSE,3,FALSE,2,FALSE
"613",613,1,1,TRUE,2,FALSE,1,TRUE
"614",614,1,3,FALSE,2,TRUE,1,TRUE
"615",615,2,3,FALSE,1,FALSE,3,FALSE
"616",616,3,3,TRUE,2,FALSE,3,TRUE
"617",617,2,3,FALSE,1,FALSE,3,FALSE
"618",618,3,3,TRUE,1,TRUE,2,FALSE
"619",619,2,3,FALSE,1,FALSE,3,FALSE
"620",620,2,3,FALSE,1,FALSE,3,FALSE
"621",621,1,2,FALSE,3,FALSE,2,FALSE
"622",622,3,1,FALSE,2,FALSE,1,FALSE
"623",623,1,2,FALSE,3,FALSE,2,FALSE
"624",624,2,3,FALSE,1,TRUE,2,TRUE
"625",625,2,1,FALSE,3,FALSE,1,FALSE
"626",626,3,1,FALSE,2,FALSE,1,FALSE
"627",627,2,2,TRUE,3,TRUE,1,FALSE
"628",628,3,1,FALSE,2,TRUE,3,TRUE
"629",629,2,1,FALSE,3,TRUE,2,TRUE
"630",630,2,2,TRUE,1,TRUE,3,FALSE
"631",631,1,1,TRUE,3,FALSE,1,TRUE
"632",632,3,1,FALSE,2,TRUE,3,TRUE
"633",633,2,3,FALSE,1,FALSE,3,FALSE
"634",634,1,2,FALSE,3,TRUE,1,TRUE
"635",635,3,1,FALSE,2,FALSE,1,FALSE
"636",636,2,3,FALSE,1,FALSE,3,FALSE
"637",637,2,1,FALSE,3,TRUE,2,TRUE
"638",638,1,1,TRUE,2,TRUE,3,FALSE
"639",639,2,3,FALSE,1,FALSE,3,FALSE
"640",640,3,3,TRUE,2,FALSE,3,TRUE
"641",641,2,1,FALSE,3,TRUE,2,TRUE
"642",642,1,3,FALSE,2,FALSE,3,FALSE
"643",643,1,1,TRUE,3,TRUE,2,FALSE
"644",644,3,2,FALSE,1,FALSE,2,FALSE
"645",645,3,2,FALSE,1,FALSE,2,FALSE
"646",646,1,1,TRUE,3,FALSE,1,TRUE
"647",647,1,2,FALSE,3,TRUE,1,TRUE
"648",648,2,1,FALSE,3,FALSE,1,FALSE
"649",649,3,3,TRUE,1,FALSE,3,TRUE
"650",650,3,1,FALSE,2,FALSE,1,FALSE
"651",651,2,2,TRUE,1,TRUE,3,FALSE
"652",652,2,1,FALSE,3,TRUE,2,TRUE
"653",653,1,1,TRUE,2,TRUE,3,FALSE
"654",654,2,1,FALSE,3,FALSE,1,FALSE
"655",655,2,2,TRUE,3,FALSE,2,TRUE
"656",656,2,3,FALSE,1,FALSE,3,FALSE
"657",657,3,3,TRUE,1,FALSE,3,TRUE
"658",658,3,2,FALSE,1,FALSE,2,FALSE
"659",659,2,1,FALSE,3,TRUE,2,TRUE
"660",660,2,1,FALSE,3,TRUE,2,TRUE
"661",661,3,1,FALSE,2,TRUE,3,TRUE
"662",662,1,1,TRUE,3,FALSE,1,TRUE
"663",663,3,3,TRUE,2,TRUE,1,FALSE
"664",664,2,2,TRUE,1,FALSE,2,TRUE
"665",665,3,1,FALSE,2,FALSE,1,FALSE
"666",666,1,1,TRUE,2,FALSE,1,TRUE
"667",667,2,3,FALSE,1,TRUE,2,TRUE
"668",668,1,2,FALSE,3,TRUE,1,TRUE
"669",669,2,1,FALSE,3,FALSE,1,FALSE
"670",670,3,3,TRUE,2,TRUE,1,FALSE
"671",671,2,3,FALSE,1,TRUE,2,TRUE
"672",672,3,2,FALSE,1,TRUE,3,TRUE
"673",673,1,1,TRUE,3,FALSE,1,TRUE
"674",674,3,2,FALSE,1,FALSE,2,FALSE
"675",675,3,2,FALSE,1,TRUE,3,TRUE
"676",676,1,3,FALSE,2,TRUE,1,TRUE
"677",677,3,2,FALSE,1,FALSE,2,FALSE
"678",678,1,1,TRUE,2,TRUE,3,FALSE
"679",679,1,2,FALSE,3,TRUE,1,TRUE
"680",680,1,1,TRUE,2,FALSE,1,TRUE
"681",681,3,3,TRUE,1,TRUE,2,FALSE
"682",682,1,1,TRUE,2,FALSE,1,TRUE
"683",683,3,2,FALSE,1,TRUE,3,TRUE
"684",684,2,3,FALSE,1,FALSE,3,FALSE
"685",685,2,2,TRUE,1,FALSE,2,TRUE
"686",686,3,1,FALSE,2,FALSE,1,FALSE
"687",687,2,3,FALSE,1,TRUE,2,TRUE
"688",688,1,2,FALSE,3,FALSE,2,FALSE
"689",689,1,1,TRUE,2,FALSE,1,TRUE
"690",690,2,1,FALSE,3,TRUE,2,TRUE
"691",691,3,3,TRUE,2,FALSE,3,TRUE
"692",692,3,3,TRUE,2,FALSE,3,TRUE
"693",693,1,2,FALSE,3,TRUE,1,TRUE
"694",694,1,2,FALSE,3,TRUE,1,TRUE
"695",695,3,3,TRUE,1,TRUE,2,FALSE
"696",696,2,3,FALSE,1,FALSE,3,FALSE
"697",697,3,3,TRUE,1,TRUE,2,FALSE
"698",698,2,1,FALSE,3,TRUE,2,TRUE
"699",699,1,3,FALSE,2,FALSE,3,FALSE
"700",700,1,1,TRUE,2,TRUE,3,FALSE
"701",701,2,3,FALSE,1,FALSE,3,FALSE
"702",702,2,1,FALSE,3,TRUE,2,TRUE
"703",703,1,1,TRUE,3,FALSE,1,TRUE
"704",704,1,1,TRUE,2,FALSE,1,TRUE
"705",705,3,3,TRUE,1,TRUE,2,FALSE
"706",706,2,3,FALSE,1,FALSE,3,FALSE
"707",707,2,2,TRUE,3,TRUE,1,FALSE
"708",708,1,1,TRUE,2,TRUE,3,FALSE
"709",709,3,1,FALSE,2,FALSE,1,FALSE
"710",710,2,1,FALSE,3,FALSE,1,FALSE
"711",711,1,2,FALSE,3,TRUE,1,TRUE
"712",712,3,1,FALSE,2,FALSE,1,FALSE
"713",713,2,2,TRUE,3,FALSE,2,TRUE
"714",714,2,2,TRUE,1,FALSE,2,TRUE
"715",715,2,1,FALSE,3,TRUE,2,TRUE
"716",716,1,2,FALSE,3,FALSE,2,FALSE
"717",717,3,3,TRUE,1,FALSE,3,TRUE
"718",718,1,2,FALSE,3,TRUE,1,TRUE
"719",719,2,2,TRUE,1,TRUE,3,FALSE
"720",720,3,3,TRUE,2,TRUE,1,FALSE
"721",721,3,3,TRUE,1,FALSE,3,TRUE
"722",722,1,3,FALSE,2,TRUE,1,TRUE
"723",723,1,2,FALSE,3,FALSE,2,FALSE
"724",724,2,3,FALSE,1,FALSE,3,FALSE
"725",725,1,2,FALSE,3,FALSE,2,FALSE
"726",726,1,2,FALSE,3,TRUE,1,TRUE
"727",727,3,1,FALSE,2,FALSE,1,FALSE
"728",728,2,3,FALSE,1,TRUE,2,TRUE
"729",729,1,1,TRUE,2,TRUE,3,FALSE
"730",730,2,3,FALSE,1,FALSE,3,FALSE
"731",731,3,2,FALSE,1,TRUE,3,TRUE
"732",732,2,3,FALSE,1,TRUE,2,TRUE
"733",733,2,2,TRUE,3,FALSE,2,TRUE
"734",734,1,2,FALSE,3,FALSE,2,FALSE
"735",735,2,1,FALSE,3,TRUE,2,TRUE
"736",736,3,2,FALSE,1,FALSE,2,FALSE
"737",737,1,1,TRUE,3,FALSE,1,TRUE
"738",738,2,3,FALSE,1,TRUE,2,TRUE
"739",739,1,2,FALSE,3,TRUE,1,TRUE
"740",740,2,1,FALSE,3,TRUE,2,TRUE
"741",741,2,2,TRUE,1,FALSE,2,TRUE
"742",742,1,2,FALSE,3,FALSE,2,FALSE
"743",743,1,3,FALSE,2,FALSE,3,FALSE
"744",744,3,2,FALSE,1,TRUE,3,TRUE
"745",745,3,2,FALSE,1,TRUE,3,TRUE
"746",746,2,2,TRUE,1,TRUE,3,FALSE
"747",747,2,1,FALSE,3,FALSE,1,FALSE
"748",748,2,1,FALSE,3,TRUE,2,TRUE
"749",749,3,1,FALSE,2,TRUE,3,TRUE
"750",750,3,1,FALSE,2,FALSE,1,FALSE
"751",751,2,1,FALSE,3,TRUE,2,TRUE
"752",752,1,3,FALSE,2,TRUE,1,TRUE
"753",753,3,3,TRUE,2,FALSE,3,TRUE
"754",754,3,2,FALSE,1,TRUE,3,TRUE
"755",755,3,2,FALSE,1,FALSE,2,FALSE
"756",756,3,3,TRUE,2,TRUE,1,FALSE
"757",757,2,3,FALSE,1,TRUE,2,TRUE
"758",758,2,1,FALSE,3,FALSE,1,FALSE
"759",759,1,2,FALSE,3,FALSE,2,FALSE
"760",760,2,1,FALSE,3,FALSE,1,FALSE
"761",761,1,1,TRUE,2,TRUE,3,FALSE
"762",762,2,1,FALSE,3,TRUE,2,TRUE
"763",763,2,2,TRUE,1,TRUE,3,FALSE
"764",764,2,1,FALSE,3,TRUE,2,TRUE
"765",765,2,3,FALSE,1,TRUE,2,TRUE
"766",766,1,2,FALSE,3,TRUE,1,TRUE
"767",767,1,2,FALSE,3,FALSE,2,FALSE
"768",768,3,3,TRUE,2,FALSE,3,TRUE
"769",769,3,2,FALSE,1,FALSE,2,FALSE
"770",770,3,1,FALSE,2,FALSE,1,FALSE
"771",771,3,2,FALSE,1,TRUE,3,TRUE
"772",772,2,1,FALSE,3,FALSE,1,FALSE
"773",773,2,3,FALSE,1,FALSE,3,FALSE
"774",774,2,1,FALSE,3,FALSE,1,FALSE
"775",775,3,1,FALSE,2,FALSE,1,FALSE
"776",776,1,3,FALSE,2,FALSE,3,FALSE
"777",777,2,2,TRUE,3,TRUE,1,FALSE
"778",778,1,1,TRUE,3,FALSE,1,TRUE
"779",779,1,1,TRUE,3,TRUE,2,FALSE
"780",780,3,2,FALSE,1,TRUE,3,TRUE
"781",781,1,1,TRUE,3,TRUE,2,FALSE
"782",782,2,1,FALSE,3,TRUE,2,TRUE
"783",783,2,2,TRUE,1,FALSE,2,TRUE
"784",784,1,2,FALSE,3,FALSE,2,FALSE
"785",785,3,3,TRUE,1,FALSE,3,TRUE
"786",786,3,2,FALSE,1,TRUE,3,TRUE
"787",787,1,1,TRUE,3,FALSE,1,TRUE
"788",788,3,2,FALSE,1,FALSE,2,FALSE
"789",789,3,1,FALSE,2,TRUE,3,TRUE
"790",790,3,1,FALSE,2,TRUE,3,TRUE
"791",791,2,3,FALSE,1,FALSE,3,FALSE
"792",792,2,3,FALSE,1,FALSE,3,FALSE
"793",793,3,2,FALSE,1,FALSE,2,FALSE
"794",794,2,1,FALSE,3,TRUE,2,TRUE
"795",795,1,1,TRUE,2,FALSE,1,TRUE
"796",796,3,1,FALSE,2,TRUE,3,TRUE
"797",797,1,1,TRUE,2,FALSE,1,TRUE
"798",798,2,2,TRUE,3,TRUE,1,FALSE
"799",799,2,2,TRUE,3,FALSE,2,TRUE
"800",800,3,3,TRUE,2,TRUE,1,FALSE
"801",801,2,3,FALSE,1,TRUE,2,TRUE
"802",802,3,3,TRUE,2,FALSE,3,TRUE
"803",803,1,2,FALSE,3,TRUE,1,TRUE
"804",804,3,2,FALSE,1,FALSE,2,FALSE
"805",805,2,1,FALSE,3,TRUE,2,TRUE
"806",806,1,1,TRUE,3,FALSE,1,TRUE
"807",807,1,1,TRUE,3,FALSE,1,TRUE
"808",808,1,2,FALSE,3,TRUE,1,TRUE
"809",809,1,2,FALSE,3,FALSE,2,FALSE
"810",810,3,1,FALSE,2,FALSE,1,FALSE
"811",811,1,2,FALSE,3,FALSE,2,FALSE
"812",812,2,1,FALSE,3,TRUE,2,TRUE
"813",813,2,2,TRUE,1,FALSE,2,TRUE
"814",814,2,1,FALSE,3,TRUE,2,TRUE
"815",815,3,3,TRUE,2,FALSE,3,TRUE
"816",816,1,1,TRUE,3,TRUE,2,FALSE
"817",817,1,3,FALSE,2,TRUE,1,TRUE
"818",818,1,2,FALSE,3,TRUE,1,TRUE
"819",819,3,2,FALSE,1,FALSE,2,FALSE
"820",820,2,2,TRUE,1,TRUE,3,FALSE
"821",821,3,2,FALSE,1,FALSE,2,FALSE
"822",822,1,3,FALSE,2,TRUE,1,TRUE
"823",823,3,3,TRUE,1,TRUE,2,FALSE
"824",824,3,2,FALSE,1,TRUE,3,TRUE
"825",825,1,2,FALSE,3,TRUE,1,TRUE
"826",826,1,1,TRUE,3,FALSE,1,TRUE
"827",827,2,2,TRUE,3,FALSE,2,TRUE
"828",828,1,3,FALSE,2,TRUE,1,TRUE
"829",829,1,2,FALSE,3,FALSE,2,FALSE
"830",830,3,2,FALSE,1,TRUE,3,TRUE
"831",831,2,3,FALSE,1,TRUE,2,TRUE
"832",832,1,1,TRUE,2,FALSE,1,TRUE
"833",833,3,2,FALSE,1,FALSE,2,FALSE
"834",834,1,1,TRUE,2,FALSE,1,TRUE
"835",835,3,1,FALSE,2,TRUE,3,TRUE
"836",836,3,1,FALSE,2,TRUE,3,TRUE
"837",837,2,1,FALSE,3,TRUE,2,TRUE
"838",838,2,2,TRUE,3,TRUE,1,FALSE
"839",839,2,2,TRUE,3,FALSE,2,TRUE
"840",840,3,1,FALSE,2,FALSE,1,FALSE
"841",841,3,3,TRUE,1,TRUE,2,FALSE
"842",842,3,2,FALSE,1,FALSE,2,FALSE
"843",843,3,3,TRUE,1,TRUE,2,FALSE
"844",844,3,1,FALSE,2,TRUE,3,TRUE
"845",845,2,3,FALSE,1,FALSE,3,FALSE
"846",846,1,1,TRUE,2,TRUE,3,FALSE
"847",847,1,2,FALSE,3,FALSE,2,FALSE
"848",848,3,2,FALSE,1,FALSE,2,FALSE
"849",849,2,2,TRUE,3,TRUE,1,FALSE
"850",850,1,1,TRUE,3,FALSE,1,TRUE
"851",851,3,2,FALSE,1,TRUE,3,TRUE
"852",852,1,2,FALSE,3,TRUE,1,TRUE
"853",853,1,2,FALSE,3,TRUE,1,TRUE
"854",854,2,1,FALSE,3,FALSE,1,FALSE
"855",855,2,3,FALSE,1,TRUE,2,TRUE
"856",856,1,3,FALSE,2,FALSE,3,FALSE
"857",857,2,2,TRUE,3,TRUE,1,FALSE
"858",858,2,1,FALSE,3,FALSE,1,FALSE
"859",859,2,3,FALSE,1,TRUE,2,TRUE
"860",860,1,3,FALSE,2,TRUE,1,TRUE
"861",861,2,3,FALSE,1,FALSE,3,FALSE
"862",862,1,2,FALSE,3,FALSE,2,FALSE
"863",863,3,3,TRUE,1,FALSE,3,TRUE
"864",864,3,3,TRUE,1,TRUE,2,FALSE
"865",865,2,3,FALSE,1,TRUE,2,TRUE
"866",866,2,1,FALSE,3,FALSE,1,FALSE
"867",867,3,2,FALSE,1,TRUE,3,TRUE
"868",868,3,1,FALSE,2,FALSE,1,FALSE
"869",869,2,1,FALSE,3,TRUE,2,TRUE
"870",870,2,2,TRUE,3,TRUE,1,FALSE
"871",871,2,2,TRUE,1,FALSE,2,TRUE
"872",872,3,3,TRUE,1,FALSE,3,TRUE
"873",873,3,3,TRUE,2,FALSE,3,TRUE
"874",874,2,2,TRUE,3,TRUE,1,FALSE
"875",875,1,1,TRUE,2,FALSE,1,TRUE
"876",876,1,3,FALSE,2,TRUE,1,TRUE
"877",877,2,2,TRUE,1,TRUE,3,FALSE
"878",878,3,1,FALSE,2,FALSE,1,FALSE
"879",879,3,1,FALSE,2,TRUE,3,TRUE
"880",880,1,3,FALSE,2,TRUE,1,TRUE
"881",881,3,1,FALSE,2,FALSE,1,FALSE
"882",882,3,3,TRUE,2,TRUE,1,FALSE
"883",883,1,3,FALSE,2,TRUE,1,TRUE
"884",884,1,2,FALSE,3,FALSE,2,FALSE
"885",885,1,2,FALSE,3,TRUE,1,TRUE
"886",886,2,2,TRUE,3,FALSE,2,TRUE
"887",887,2,1,FALSE,3,FALSE,1,FALSE
"888",888,2,3,FALSE,1,TRUE,2,TRUE
"889",889,3,1,FALSE,2,TRUE,3,TRUE
"890",890,3,3,TRUE,2,FALSE,3,TRUE
"891",891,3,1,FALSE,2,TRUE,3,TRUE
"892",892,3,2,FALSE,1,FALSE,2,FALSE
"893",893,2,2,TRUE,1,TRUE,3,FALSE
"894",894,1,3,FALSE,2,FALSE,3,FALSE
"895",895,2,2,TRUE,1,FALSE,2,TRUE
"896",896,1,1,TRUE,3,FALSE,1,TRUE
"897",897,2,3,FALSE,1,FALSE,3,FALSE
"898",898,1,3,FALSE,2,FALSE,3,FALSE
"899",899,1,3,FALSE,2,FALSE,3,FALSE
"900",900,2,3,FALSE,1,FALSE,3,FALSE
"901",901,2,3,FALSE,1,FALSE,3,FALSE
"902",902,3,2,FALSE,1,FALSE,2,FALSE
"903",903,3,1,FALSE,2,TRUE,3,TRUE
"904",904,2,2,TRUE,1,TRUE,3,FALSE
"905",905,1,2,FALSE,3,FALSE,2,FALSE
"906",906,3,1,FALSE,2,TRUE,3,TRUE
"907",907,2,3,FALSE,1,TRUE,2,TRUE
"908",908,3,2,FALSE,1,TRUE,3,TRUE
"909",909,1,3,FALSE,2,FALSE,3,FALSE
"910",910,2,1,FALSE,3,TRUE,2,TRUE
"911",911,3,1,FALSE,2,TRUE,3,TRUE
"912",912,2,1,FALSE,3,FALSE,1,FALSE
"913",913,3,2,FALSE,1,FALSE,2,FALSE
"914",914,2,2,TRUE,1,FALSE,2,TRUE
"915",915,1,1,TRUE,3,FALSE,1,TRUE
"916",916,1,1,TRUE,3,FALSE,1,TRUE
"917",917,3,2,FALSE,1,TRUE,3,TRUE
"918",918,1,3,FALSE,2,FALSE,3,FALSE
"919",919,2,3,FALSE,1,FALSE,3,FALSE
"920",920,3,1,FALSE,2,TRUE,3,TRUE
"921",921,2,1,FALSE,3,FALSE,1,FALSE
"922",922,2,2,TRUE,1,TRUE,3,FALSE
"923",923,3,1,FALSE,2,FALSE,1,FALSE
"924",924,1,2,FALSE,3,TRUE,1,TRUE
"925",925,3,1,FALSE,2,TRUE,3,TRUE
"926",926,3,1,FALSE,2,TRUE,3,TRUE
"927",927,1,1,TRUE,3,TRUE,2,FALSE
"928",928,3,3,TRUE,2,TRUE,1,FALSE
"929",929,2,3,FALSE,1,TRUE,2,TRUE
"930",930,2,1,FALSE,3,TRUE,2,TRUE
"931",931,3,3,TRUE,2,FALSE,3,TRUE
"932",932,1,3,FALSE,2,FALSE,3,FALSE
"933",933,3,2,FALSE,1,FALSE,2,FALSE
"934",934,1,2,FALSE,3,TRUE,1,TRUE
"935",935,1,2,FALSE,3,FALSE,2,FALSE
"936",936,3,3,TRUE,1,FALSE,3,TRUE
"937",937,1,3,FALSE,2,TRUE,1,TRUE
"938",938,3,2,FALSE,1,TRUE,3,TRUE
"939",939,2,3,FALSE,1,TRUE,2,TRUE
"940",940,1,2,FALSE,3,FALSE,2,FALSE
"941",941,1,3,FALSE,2,TRUE,1,TRUE
"942",942,1,3,FALSE,2,TRUE,1,TRUE
"943",943,2,2,TRUE,3,FALSE,2,TRUE
"944",944,3,3,TRUE,2,FALSE,3,TRUE
"945",945,1,2,FALSE,3,FALSE,2,FALSE
"946",946,2,3,FALSE,1,FALSE,3,FALSE
"947",947,3,3,TRUE,2,TRUE,1,FALSE
"948",948,1,2,FALSE,3,TRUE,1,TRUE
"949",949,1,2,FALSE,3,TRUE,1,TRUE
"950",950,2,2,TRUE,1,FALSE,2,TRUE
"951",951,1,2,FALSE,3,FALSE,2,FALSE
"952",952,1,3,FALSE,2,FALSE,3,FALSE
"953",953,3,1,FALSE,2,TRUE,3,TRUE
"954",954,3,2,FALSE,1,TRUE,3,TRUE
"955",955,2,2,TRUE,1,FALSE,2,TRUE
"956",956,3,1,FALSE,2,FALSE,1,FALSE
"957",957,1,2,FALSE,3,FALSE,2,FALSE
"958",958,2,2,TRUE,1,TRUE,3,FALSE
"959",959,3,1,FALSE,2,TRUE,3,TRUE
"960",960,1,1,TRUE,3,FALSE,1,TRUE
"961",961,1,3,FALSE,2,FALSE,3,FALSE
"962",962,2,2,TRUE,1,FALSE,2,TRUE
"963",963,3,1,FALSE,2,TRUE,3,TRUE
"964",964,2,2,TRUE,3,FALSE,2,TRUE
"965",965,1,2,FALSE,3,FALSE,2,FALSE
"966",966,1,3,FALSE,2,FALSE,3,FALSE
"967",967,3,2,FALSE,1,FALSE,2,FALSE
"968",968,3,2,FALSE,1,FALSE,2,FALSE
"969",969,1,3,FALSE,2,FALSE,3,FALSE
"970",970,3,2,FALSE,1,TRUE,3,TRUE
"971",971,1,2,FALSE,3,TRUE,1,TRUE
"972",972,2,1,FALSE,3,FALSE,1,FALSE
"973",973,2,3,FALSE,1,TRUE,2,TRUE
"974",974,2,3,FALSE,1,TRUE,2,TRUE
"975",975,3,2,FALSE,1,FALSE,2,FALSE
"976",976,2,1,FALSE,3,FALSE,1,FALSE
"977",977,2,3,FALSE,1,FALSE,3,FALSE
"978",978,2,3,FALSE,1,TRUE,2,TRUE
"979",979,1,3,FALSE,2,TRUE,1,TRUE
"980",980,2,1,FALSE,3,TRUE,2,TRUE
"981",981,1,1,TRUE,2,TRUE,3,FALSE
"982",982,1,3,FALSE,2,TRUE,1,TRUE
"983",983,1,2,FALSE,3,TRUE,1,TRUE
"984",984,1,3,FALSE,2,FALSE,3,FALSE
"985",985,2,1,FALSE,3,TRUE,2,TRUE
"986",986,3,2,FALSE,1,TRUE,3,TRUE
"987",987,1,1,TRUE,3,FALSE,1,TRUE
"988",988,3,2,FALSE,1,FALSE,2,FALSE
"989",989,2,2,TRUE,1,TRUE,3,FALSE
"990",990,2,2,TRUE,3,FALSE,2,TRUE
"991",991,3,3,TRUE,2,FALSE,3,TRUE
"992",992,1,1,TRUE,3,FALSE,1,TRUE
"993",993,1,2,FALSE,3,FALSE,2,FALSE
"994",994,3,1,FALSE,2,FALSE,1,FALSE
"995",995,2,1,FALSE,3,FALSE,1,FALSE
"996",996,3,1,FALSE,2,TRUE,3,TRUE
"997",997,1,1,TRUE,2,FALSE,1,TRUE
"998",998,3,3,TRUE,1,FALSE,3,TRUE
"999",999,2,1,FALSE,3,FALSE,1,FALSE
"1000",1000,3,3,TRUE,1,TRUE,2,FALSE
